{
  "model": "fisheye",
  "pattern_size": [
    7,
    10
  ],
  "square_size_mm": 15.0,
  "image_size": [
    1280,
    1280
  ],
  "rms": 1.2451297861447632,
  "K": [
    [
      386.89232833652227,
      0.0,
      638.7031705891098
    ],
    [
      0.0,
      386.8217236815917,
      654.4885362442234
    ],
    [
      0.0,
      0.0,
      1.0
    ]
  ],
  "D": [
    [
      0.05464764179176666
    ],
    [
      0.03480090732629528
    ],
    [
      -0.0230991508657382
    ],
    [
      0.0023776706575346154
    ]
  ],
  "frames_used": 60
}